Car ID,Price
12000,38622.45
12001,23759.45
12004,54466.82
12013,15120.98
12017,46881.9
12019,20856.42
12020,17067.57
12024,20919.57
12027,24571.57
12028,35546.65
12029,32611.18
12034,19691.765
12040,41982.14
12041,35490.35
12042,11055.95
12043,33478.10666666667
12046,34145.27
12047,27999.66
12048,2861.4
12049,8138.59
12052,28107.29
12054,24164.09
12056,27001.79
12060,33279.95
12064,54738.37
12069,34090.59
12071,72698.56
12073,27848.32
12076,33478.10666666667
12081,11365.52
12082,20755.64
12083,19233.01
12088,8797.07
12091,16736.75
12095,17391.63
12096,29491.94
12100,22249.91
12102,22449.09
12103,82479.43
12116,29587.49
12119,62542.41
12122,8898.66
12129,12562.27
12133,28114.09
12136,51709.33
12138,20107.24
12141,37122.74
12142,22110.72
12151,10333.06
12153,15825.48
12155,49014.76
12158,20582.73
12160,14098.11
12166,29218.14761904762
12167,20497.38
12173,22196.81
12179,18111.22
12180,20390.84
12181,16536.07
12182,15890.32
12183,7841.49
12184,7592.11
12186,44493.35
12187,19935.09
12191,30990.65
12193,34036.98
12196,19904.49
12199,17825.51
12201,40508.19
12203,19967.94
12208,19244.96
12210,13860.51
12211,23181.58
12219,19168.72
12220,18686.53
12224,50149.66
12228,48215.88
12231,14210.83
12232,23116.41
12233,59767.12
12235,40637.24
12238,18470.02
12245,36019.93
12247,49891.17
12248,45147.22
12250,19447.15
12254,34690.05
12256,14049.0
12258,8474.56
12259,43927.11
12264,12232.62
12265,20720.49
12266,26398.35
12268,37446.6
12270,21773.17
12274,21404.5
12276,20498.8
12277,8767.52
12279,21181.86
12283,25606.64
12284,34679.7
12287,29712.86
12289,53259.58
12291,18002.85
12292,35463.97
12295,11027.42
12298,24498.63
12299,19501.53
12300,33927.89
12309,8915.66
12311,19116.1
12312,8771.64
12314,11262.11
12318,4257.52
12320,55919.4
12321,4536.68
12324,37278.87
12325,32364.38
12326,9470.4
12328,15940.48
12329,17919.21
12331,8790.82
12332,32077.76
12333,13624.81
12338,19084.14
12346,18853.3
12354,24048.78
12355,28203.54
12359,33568.58666666666
12360,42988.48
12362,8991.63
12364,12942.44
12365,36500.18
12368,14649.93
12373,17411.77
12376,7185.18
12378,14859.96
12379,31822.1
12381,34779.82
12384,17345.31
12386,7645.78
12388,34421.07
12392,29302.36
12401,34096.33
12402,55012.38
12405,8707.0
12407,17697.2
12410,9285.84
12412,46382.18
12415,6893.79
12417,36261.52
12422,48024.38
12424,18930.5
12425,44848.1
12429,3346.3
12430,18896.43
12432,6134.83
12434,22384.53
12436,38183.62
12437,10420.64
12442,36019.16
12444,7519.62
12448,49380.57
12449,4712.24
12450,33387.31
12451,48185.9
12452,32082.563333333335
12453,19537.66
12457,9256.54
12460,3897.6
12465,13189.32
12467,18896.43
12468,11559.29
12469,25511.0
12474,18520.98
12482,6865.83
12485,22480.34
12487,7835.34
12501,6764.49
12504,16697.71
12506,17259.945
12507,12223.68
12508,17920.06
12511,16385.64
12518,1752.32
12521,11195.36
12522,24806.26
12538,7949.78
12542,12781.12
12545,22211.35
12546,4481.85
12547,20142.0
12548,21205.29
12549,11364.9
12551,14032.9
12552,15424.7
12553,34797.03
12554,16624.66
12556,6445.18
12557,50164.91
12560,16298.36
12562,32087.04
12563,6477.92
12564,16336.46
12566,15014.89
12574,29180.12
12575,65919.94
12576,51220.81
12580,13027.85
12583,11407.08
12589,18685.13
12590,10246.16
12591,22128.68
12594,13043.54
12598,24746.48
12601,61982.6
12602,11224.08
12603,26220.46
12604,26238.62
12605,26163.47
12609,28690.298589743594
12615,34722.02
12618,18902.94
12619,35170.4
12621,38128.68
12622,7270.47
12630,18767.64
12631,49108.93999999999
12632,1962.36
12639,9559.07
12641,22040.01
12645,41109.64
12647,36163.17
12648,18236.77
12651,44435.98
12655,19932.65
12657,31882.3
12662,35614.59
12665,20275.47
12666,7720.97
12668,24274.79
12672,25702.103333333336
12673,10949.856166666666
12675,17448.183333333334
12677,1900.37
12680,16401.85
12683,38821.95
12685,37245.9
12687,13309.8
12692,41799.87
12694,11574.52
12702,34218.62
12703,18806.96
12704,17436.7
12705,62324.6
12708,24585.46
12710,14420.44
12711,34584.53
12713,28667.68
12715,23722.92
12716,20609.09
12726,18470.02
12728,23988.96
12734,27404.479057609067
12736,9148.68
12746,57741.55
12750,13480.92
12754,20243.47
12755,21042.54
12759,20999.33
12762,14497.18
12763,20362.5
12767,61436.89
12768,18789.51
12772,11808.28
12773,17684.25
12777,46341.66
12779,16109.81
12788,8308.3
12789,25579.12
12790,37953.46
12796,11097.82
12798,14204.66
12804,14179.05
12805,20262.71
12807,27169.95
12810,31191.35
12811,37471.07
12812,11479.98
12818,5953.05
12821,15099.32
12822,27850.301818181815
12825,30693.35
12829,18794.37
12831,26763.69
12832,25921.73
12833,28427.68
12836,15588.59
12838,25587.33
12841,25494.64
12843,17953.03
12848,10740.78
12850,19608.23
12853,13751.04
12855,14942.17
12858,11877.1
12859,9035.76
12860,42781.11
12861,58790.34
12862,9523.12
12866,51190.18
12869,10032.73
12870,10139.37
12872,51995.59
12873,19309.38
12874,21279.78
12877,39472.29
12878,26354.24
12881,6210.35
12882,22876.67
12887,11838.28
12892,16890.57
12893,20671.83
12895,40150.79
12896,15085.65
12897,28673.62
12902,13724.17
12907,12198.33
12912,13852.94
12918,5590.29
12919,6460.75
12936,29154.05
12938,15563.79
12939,36063.64
12946,12554.57
12947,36763.87
12950,5268.93
12954,10764.93
12955,13503.84
12958,26175.85
12960,42018.18
12961,9713.35
12964,20061.97
12965,19413.98
12970,40219.69
12974,7599.1
12979,15127.2
12981,4289.1
12982,13660.84
12985,9939.37
12986,27368.05
12988,26191.31
12989,13240.73
12992,9891.48
12993,11887.87
12996,20148.4
12998,33657.94
12999,29838.69
13000,17075.14
13001,19873.15
13002,22106.75
13003,3367.79
13004,23247.41
13012,35729.13
13013,15815.35
13016,25608.63
13017,4709.83
13020,18346.32
13024,23509.08
13031,39160.56
13034,13725.01
13040,17230.2
13041,33463.84
13042,8804.9
13043,26794.87
13046,14110.95
13047,27636.14
13049,17212.38
13050,50215.15
13051,14930.37
13057,18591.54
13058,21234.2
13063,13793.72
13064,29924.39
13069,56707.49
13071,21778.34
13072,8698.42
13073,14588.84
13074,26811.88
13079,10836.13
13081,27635.92
13087,10975.06
13089,6749.41
13096,18674.42
13098,12976.23
13106,18755.16
13109,57016.68
13114,19852.48
13115,39998.96
13116,14425.96
13119,15810.72
13122,8857.5
13126,18754.46
13129,19759.29
13133,29180.12
13134,15198.521666666666
13136,8072.61
13140,9155.03
13144,9207.06
13146,12225.03
13147,27003.44
13148,19955.22
13150,11596.29
13152,21251.42
13153,18925.23
13155,27771.8
13156,15209.77
13159,22254.53
13160,11165.27
13170,35946.08
13173,9753.51
13174,18670.94
13178,15159.7
13181,11574.22
13184,16371.38
13186,20330.79
13188,22153.12
13189,19105.14
13191,26049.997611946892
13194,16875.06
13195,16822.23
13197,14063.5
13201,29021.55
13214,20860.2
13215,16458.98
13216,17386.44
13218,23366.34
13220,12657.35
13221,25407.91
13227,11555.71
13231,19992.72
13234,56894.1
13238,18140.03
13240,16319.02
13244,8348.48
13245,33362.31
13248,25988.15
13249,20696.85
13250,41311.02
13256,41329.82
13257,28970.27
13262,6592.92
13265,24013.73
13267,21594.65
13273,15891.92
13275,9495.31
13279,27892.9
13280,5021.07
13287,28563.09
13291,13332.32
13295,40989.17
13298,26049.997611946892
13299,8112.57
13305,27101.48
13306,7037.77
13311,12810.8
13313,43421.39
13314,12105.21
13315,27883.41912531097
13316,9276.66
13319,33122.44
13326,47778.56
13327,18149.29
13328,37577.49
13329,33119.6
13335,21145.576666666664
13337,16370.1
13338,22239.07
13349,12585.38
13351,20021.32
13352,10237.89
13355,57021.57
13361,12704.89
13364,9903.186
13366,16530.83
13367,6789.42
13368,20744.16
13371,32576.5
13375,97128.71
13377,47399.47
13379,11364.27
13383,8734.14
13384,13702.33
13386,9091.63
13387,14583.74
13393,17298.1
13396,10155.45
13398,12766.09
13400,19949.92
13402,9512.08
13406,30643.32
13408,57980.3
13409,11429.06
13413,15698.41
13414,16878.36
13416,19585.22
13419,45647.37
13420,16683.37
13422,11285.34
13424,27631.71
13432,7766.7
13433,3078.98
13437,15277.13
13438,7601.2
13442,27318.75
13443,15844.92
13444,14409.91
13446,18163.79
13447,43283.4
13449,5622.0
13454,3377.94
13460,22278.83833333333
13462,15960.42
13468,58793.51
13470,16177.16
13472,14275.03
13473,15377.86
13477,28770.63
13478,12082.85
13479,4921.65
13480,8522.36
13496,41454.26
13503,12857.79
13504,37514.38
13505,32200.91
13508,27572.68
13509,12469.42
13513,77218.84
13524,84653.98
13525,11555.7
13526,36316.7
13530,8093.26
13534,22582.64
13535,30779.56
13541,27750.13
13547,59968.3
13551,35869.05
13552,32380.0
13553,18802.33
13558,7925.18
13562,59216.13
13563,15277.39
13566,16394.68
13573,45213.55
13577,30520.93380952381
13581,31348.25
13584,16196.04
13587,10778.15
13594,17825.98
13595,21508.87
13597,27345.98
13603,19545.95
13604,10593.64
13606,14050.39
13610,60778.81
13617,6459.82
13619,32157.02
13620,54248.63
13621,11753.33
13622,31276.39
13624,62067.56
13626,15589.12
13627,13098.03
13628,8666.8
13631,31479.8
13634,47911.59
13639,4079.65
13640,13964.36
13645,3545.77
13647,23408.72
13649,25190.99
13651,17901.49
13652,9364.22
13654,37640.55047619048
13655,45016.6
13662,49026.18
13665,24479.06
13666,15580.8
13668,6640.12
13670,9486.05
13672,17912.93
13678,7513.27
13682,40257.46
13684,35864.92
13689,44545.13
13690,8530.83
13692,45779.36
13695,15721.02
13698,38258.62
13700,14953.73
13702,27541.5025
13707,15369.65
13712,3966.03
13713,9209.14
13716,18694.86
13719,35338.63
13721,37904.74
13729,7221.71
13730,27775.18
13731,24364.6
13733,16469.96
13736,21698.63
13742,13843.24
13746,9221.02
13751,45313.18
13755,29533.39
13756,22531.76
13759,15215.78
13767,6589.04
13768,21681.5
13771,3923.05
13774,20880.54
13775,13645.56
13776,13364.03
13781,18544.87
13785,20305.27666666667
13787,35138.84
13788,21133.74
13789,5481.94
13790,18257.66
13791,47400.34
13792,22493.35
13793,36751.7
13794,12225.53
13795,5153.04
13797,18241.85
13804,12471.78
13812,29601.85
13813,19515.82
13814,10359.95
13820,46845.99
13823,4818.18
13825,14219.66
13828,18800.9
13830,56480.98333333333
13831,16012.08
13833,30435.67
13834,42457.43
13837,27653.25
13838,14432.03
13842,16736.71
13845,11183.68
13847,10164.5
13850,18096.23
13854,30819.86
13856,35564.36
13857,10606.98
13858,17652.64
13861,7325.32
13865,5311.44
13869,20462.3
13872,34490.54
13875,19080.21
13877,12707.44
13878,13530.38
13882,106320.46
13885,45037.75
13889,20983.09
13890,13037.98
13892,11024.972833333335
13895,20469.23
13896,19845.14
13897,13982.27
13898,15347.93
13900,13673.09
13901,12035.87
13903,23316.31
13906,42054.28
13909,31303.54
13914,84415.38
13915,27921.58
13916,10362.35
13919,16762.69
13921,8301.16
13922,34741.68
13925,97761.09
13926,27454.79
13927,17699.38
13928,48287.83
13929,3188.38
13930,8204.02
13934,26843.61
13935,4512.93
13944,48623.95
13945,3633.61
13947,15678.58
13951,7850.58
13953,26736.81
13955,15420.76
13958,9378.09
13959,18730.8
13966,33595.57
13967,123628.43
13969,42360.42
13972,47548.49
13978,34814.46
13981,10491.55
13984,12225.53
13991,21977.15
13994,21204.48
13998,18184.67
14001,44850.2
14005,40731.41
14006,12242.88
14008,10940.35
14009,15273.12
14019,43082.62
14020,11387.29
14026,56142.38
14029,31085.04
14037,24470.6
14038,18656.16
14039,15744.96
14042,16708.34
14044,13962.25
14048,18966.85
14052,18460.84
14058,19867.39
14063,7725.04
14065,21707.72
14069,18094.79
14071,18839.69
14072,43003.61
14078,21301.1
14079,9439.49
14080,16596.35
14089,8432.59
14091,17172.94
14094,14527.1125
14097,10445.54
14098,19733.89
14099,10658.4
14100,24287.19
14102,63814.99
14105,7992.91
14107,1976.31
14110,18266.59
14111,13847.85
14120,23273.69
14122,17685.79
14126,51167.6
14130,7920.6
14133,18230.49
14135,5034.92
14140,15956.78
14147,12713.46
14150,4943.54
14151,55762.77
14154,30956.82
14156,26681.36
14161,8114.59
14172,7624.34
14173,42783.53
14176,19522.933333333334
14177,20146.34
14178,24725.17
14180,14661.14
14181,9688.87
14182,13513.44
14183,14859.53
14184,11570.25
14186,9419.37
14189,19734.06
14191,16577.15
14192,7440.33
14194,20123.29
14199,11613.65
14201,23887.17
14204,29384.58
14210,21982.32
14211,13187.41
14215,31835.05333333333
14218,4453.35
14219,17982.96
14220,17077.01
14221,9649.9
14224,18122.44
14226,16106.04
14230,47256.81
14234,9563.39
14240,14386.03
14243,4616.37
14245,10688.68
14246,27381.09
14248,18749.58
14251,35308.44
14257,13572.97
14259,13151.28
14262,16609.9
14264,22214.14
14267,55719.55
14273,6635.38
14278,14139.93
14280,47723.84904761904
14286,18665.99
14287,17491.38
14288,10216.8
14291,64836.97
14298,8788.04
14301,45293.85
14304,19765.01
14305,25761.91
14306,19376.27
14307,30641.16
14309,12131.84
14313,12389.38
14314,64130.45333333334
14318,15121.22
14321,5702.52
14326,53587.34
14327,5126.1
14331,16772.94
14332,8163.47
14333,17447.58
14343,38995.24
14351,8491.73
14354,18944.24
14360,34727.06333333333
14361,10772.33
14367,13651.84
14370,20926.04
14371,8426.81
14375,42944.19
14377,35813.87
14382,20509.37
14383,20283.31
14387,49435.81
14391,11801.46
14394,20987.37
14395,17172.88
14399,34533.1
14401,8653.98
14402,15614.64
14404,10546.48
14406,5451.84
14409,38087.49
14410,7948.49
14411,6265.3
14418,17163.69
14420,50865.03
14421,10337.6
14423,7427.84
14424,19746.84
14427,45308.31
14430,14755.07
14431,18429.1
14440,23201.53
14442,6213.26
14444,43481.85
14447,9570.07
14448,26308.33
14449,12446.1
14450,24531.84
14451,9859.3
14452,21363.97
14453,18250.65
14456,19518.14
14462,16255.91
14463,35746.91
14466,10697.09
14468,22752.779999999995
14472,10404.81
14473,38737.72
14474,61672.32
14476,27706.843333333334
14477,37986.55
14480,27279.78
14481,20566.07
14483,17965.78
14488,20469.15
14493,11526.37
14494,14892.81
14500,27708.3
14501,17196.11
14502,25904.665
14503,4472.38
14504,19904.89
14505,14841.31
14506,59708.8
14507,23154.94
14508,19477.74
14512,16586.853333333333
14513,18737.02
14514,11443.17
14515,33388.33
14516,35135.6
14518,35546.54
14519,19831.54
14522,10629.52
14523,61536.72
14524,36944.91
14525,13013.19
14527,30840.03
14530,61297.58
14536,13152.88
14538,27143.61
14548,15260.04
14549,11087.98
14552,3214.62
14553,18671.77
14555,14404.06
14562,26819.45
14564,10785.61
14567,16820.18
14568,16174.92
14572,21645.52
14573,25150.16
14574,7260.19
14575,12250.05
14576,19113.19
14579,21710.45
14581,10861.83
14582,23653.02
14587,10798.47
14588,16224.92
14591,12278.5
14592,36554.64
14596,19298.44
14601,12976.48
14602,59340.59
14605,41898.37
14608,33676.2
14619,15666.82
14622,17085.8285
14623,28970.22
14629,9799.61
14630,8065.36
14631,50353.22
14633,36714.53
14638,12383.26
14640,22891.83
14642,7528.92
14643,59968.3
14644,11981.46
14645,28159.81
14650,8401.05
14658,57772.4
14661,20321.33
14664,15424.31
14667,14205.2
14670,37706.78
14671,14392.51
14674,35269.85
14681,39231.83
14682,4052.1
14685,28819.08
14688,7970.0
14691,14430.61
14693,48870.09
14694,17694.91
14697,24081.83
14700,7617.79
14701,17992.47
14703,31618.46
14708,23993.86
14715,7845.87
14718,21575.7
14719,45247.81
14722,7509.13
14724,6495.54
14726,53193.12
14727,22501.27
14729,61277.36
14734,22553.65
14737,16676.27
14742,5837.41
14744,9896.2
14748,6731.91
14749,7162.07
14756,22699.02
14758,34538.75
14760,28249.45
14762,17943.88
14773,22785.89
14776,16165.27
14778,69907.26
14779,10685.26
14780,17814.23
14781,27237.68
14782,12444.46
14784,87303.65
14787,25281.51
14791,18001.04
14792,25332.99
14797,21936.24
14804,11529.72
14806,10468.91
14811,124898.49
14812,10238.72
14814,17972.33
14818,45571.61
14819,9354.78
14827,20042.42
14829,12331.71
14830,8394.42
14836,16247.61
14843,6976.86
14847,43790.62
14848,7923.37
14850,14843.0
14851,15836.15
14854,12937.21
14855,9524.02
14857,10351.3
14858,19851.83
14861,19816.06
14866,24408.31
14870,16544.34
14872,11003.5
14874,7613.88
14883,10703.97
14886,8214.67
14887,22596.82
14889,22884.67
14893,28874.74
14899,20870.963333333333
14900,26400.66
14907,18426.04
14911,17961.96
14913,3518.37
14915,61620.58
14916,21034.52
14919,17573.68
14924,25905.9
14925,33266.56
14927,5379.42
14936,16292.97
14940,14397.04
14943,62203.45
14945,19370.93
14950,20361.985
14952,57722.46
14955,6274.5
14958,17110.76
14964,10812.92
14966,18101.04
14967,13818.25
14968,8173.36
14972,17173.1
14978,11121.85
14982,2766.1
14984,44772.03
14985,8007.71
14986,20958.99
14987,12937.41
14988,25472.91
14991,72410.89
14997,9411.04
14998,32808.33714285715
14999,11206.32
15000,49244.39
15002,19650.23
15003,9379.24
15004,16885.1
15005,29243.39
15006,7603.58
15008,29205.24
15014,6178.2
15021,40991.59
15022,8883.134333333332
15027,12560.2
15031,50590.08
15036,61152.5
15037,8268.56
15038,32703.77
15039,24284.53
15046,33691.31
15047,21659.42
15055,36352.59
15056,29913.8
15061,19489.1
15062,9763.57
15069,18810.825
15072,29304.78
15073,17477.97
15075,8725.78
15076,28124.03
15077,14431.82
15079,29099.27
15082,4145.7
15085,14008.23
15089,15205.15
15093,2668.4
15094,28794.52
15095,4222.64
15098,14326.87
15099,15248.98
15104,36013.76666666667
15105,15242.7
15109,16792.06
15112,9934.47
15117,27987.01
15124,17810.3
15127,6720.36
15131,20767.62
15132,18840.97
15134,19818.96
15144,10769.37
15145,13263.77
15146,50704.84
15147,21418.06
15148,42111.65
15150,6474.33
15155,27570.39
15156,11549.37
15157,42272.6
15160,30608.67
15163,46943.57
15165,12461.77
15168,43230.04
15170,4943.54
15172,25285.04
15175,28104.24
15176,28571.34
15182,15408.6
15183,48828.8
15186,19106.39
15188,51661.59
15189,41519.96
15196,84747.06
15203,47211.86
15204,18449.37
15205,18713.21
15208,2591.76
15212,33759.93
15213,19303.52
15220,14882.87
15225,7031.39
15228,3659.67
15229,4747.25
15231,10272.91
15232,7279.01
15233,15905.95
15242,25064.73909090909
15243,7277.61
15247,16798.1
15259,20993.92
15261,6008.89
15263,6836.73
15264,13747.52
15271,20241.89
15272,59608.01
15275,11516.31
15277,19183.64
15280,33794.71
15284,54670.1
15285,19745.12
15286,15418.52
15287,15394.29
15289,10693.28
15290,26327.07
15292,24505.57
15295,3830.44
15297,21416.76
15298,10205.73
15300,49772.50523809524
15305,16113.7
15306,15727.2
15309,54130.09
15314,24055.29
15315,5657.72
15320,16192.94
15321,17134.067142857144
15322,18054.64
15325,30435.67
15327,30779.56
15329,6479.24
15338,56117.41
15339,22257.42
15342,18870.25
15345,11680.03
15346,39376.26
15347,14181.99
15348,13522.89
15353,13683.29
15356,15246.2
15360,13797.43
15365,17149.7
15372,16628.94
15374,20652.26
15375,30888.62
15380,20484.42
15388,15580.71
15393,23017.34
15400,7344.89
15404,33318.4
15406,4339.99
15407,19294.15
15409,6711.72
15410,20104.71
15411,24761.38
15413,25327.67
15414,39826.67
15415,23722.92
15416,6680.61
15420,8209.85
15423,5801.23
15430,25539.07
15431,11736.38
15434,40127.04
15436,26303.67
15437,12876.2
15440,9000.13
15443,26748.32
15444,110104.75
15445,32456.74
15446,45677.63
15447,53944.54
15452,56264.14
15454,17451.35
15455,42243.24
15461,10779.31
15462,14726.78
15463,27501.62
15464,17672.65
15465,37861.04
15467,25551.785
15470,29554.33
15471,15212.5
15473,29212.39
15479,23712.47
15481,9192.247666666666
15483,1617.78
15487,9782.574333333332
15489,9419.69
15496,6502.28
15499,9386.31
15500,28921.14
15506,6061.07
15507,25675.49
15509,31326.71
15511,26953.150755633265
15512,20356.44
15513,14063.96
15514,10132.42
15516,17192.64
15519,13756.8
15520,17693.25
15521,33888.44
15527,8462.52
15529,16824.51
15536,24805.56
15539,10170.4
15543,21221.42
15547,37934.92
15548,27121.48
15550,1477.25
15566,19369.32
15568,15341.43
15575,4662.14
15579,37203.31
15581,7235.67
15583,29766.43
15588,31003.59
15595,35671.1
15597,31828.18
15599,10477.7
15602,17509.57
15603,8678.12
15606,9631.1075
15607,30317.02
15608,11071.29
15609,10747.17
15611,16575.9
15614,19392.96
15615,10450.33
15619,33335.26
15620,18448.29
15623,32339.88
15624,8003.94
15625,14992.63
15626,13606.87
15627,54311.88
15631,17936.23
15632,12654.04
15634,15277.69
15639,11803.33
15641,6379.72
15645,11360.07
15648,6402.18
15649,9084.56
15654,6858.44
15656,41814.64
15661,58234.94
15664,37623.31
15665,20996.85
15668,19829.36
15670,22118.14
15671,11543.39
15675,1442.83
15677,33361.56
15683,25720.86
15687,22290.78
15691,10576.2
15692,18119.67
15694,16554.39
15699,11236.07
15700,11171.43
15701,45904.38
15702,32725.9
15703,19183.64
15704,40674.55
15707,20519.33
15708,44148.28
15709,20618.42
15710,9986.05
15714,37113.05
15717,27839.97
15718,12680.33
15731,96571.16
15732,45037.75
15733,27536.99
15734,11193.35
15738,14443.29
15742,35244.7
15748,17389.545
15750,26673.25
15753,25151.88
15755,17552.26
15757,22239.02
15762,31539.97
15763,15190.25
15765,36647.06
15766,38499.59
15768,36269.02
15776,21089.2
15779,8178.75
15785,28786.12
15788,34955.81
15790,27998.51
15792,46799.33666666666
15793,16647.34
15795,8426.62
15798,10146.18
15803,32765.47
15805,21288.46
15807,22042.27
15808,16871.07
15814,8625.01
15815,20554.75
15820,35215.3405
15824,59595.63
15826,24150.1
15827,17883.42
15830,8803.07
15831,21001.07
15834,32893.46
15835,12340.93
15836,10452.31
15838,10082.96
15840,29115.88
15843,9821.83
15846,10107.2
15850,6789.42
15852,7990.16
15853,5460.62
15856,8756.46
15858,6712.49
15860,15787.48
15863,32082.87
15869,23895.11
15870,11223.59
15873,27622.48
15875,36948.74
15877,8339.05
15889,15841.47
15890,9021.59
15891,36993.14
15892,12172.25
15893,33816.12
15901,18577.71
15907,18192.53
15910,27751.09
15912,15944.09
15915,28901.95
15921,19910.46
15922,16883.84
15925,23745.51
15928,14053.32
15929,21422.99
15933,7611.63
15934,13516.03
15935,27729.17
15936,24567.65
15941,9646.93
15943,25405.67
15946,20553.37
15950,18268.32
15959,22093.43
15963,18776.14
15964,8816.42
15969,12901.31
15972,33801.45
15973,48745.11
15978,19066.72
15981,39371.16
15985,36928.85
15986,31343.41
15987,41428.89
15988,23780.0
15989,19042.48
15990,33787.86
15991,43003.61
15992,19802.3
15994,17572.75
15996,29764.96
16011,14431.39
16016,16887.39
16018,62584.55
16021,35859.8
16023,24697.13
16027,20163.81
16029,15991.02
16030,24761.33
16034,21921.13
16037,19196.66
16042,69914.39
16043,35890.78
16044,34374.97
16046,21738.24
16052,45555.48
16057,18141.82
16062,16844.32
16063,59540.52
16064,24248.59
16066,8755.82
16067,11483.37
16070,32042.16
16072,51305.68
16073,2215.21
16077,15432.92
16080,27772.72
16084,19039.8
16086,10998.386
16087,40401.85
16093,13078.22
16097,38380.65
16099,15981.62
16101,6012.92
16103,7605.55
16112,41139.76
16113,21568.68
16116,18202.24
16120,32469.2
16122,24951.56
16126,19086.87
16127,20808.46
16129,16956.62
16130,18570.24
16136,9474.91
16145,26787.1
16147,14570.8
16152,6633.01
16157,15967.63
16158,17103.79
16160,49016.73
16161,50211.5
16165,10609.46
16166,6054.75
16167,54812.95
16172,13111.397142857144
16174,15139.48
16176,11345.62
16181,59871.44
16188,4834.91
16196,21157.72
16197,17261.16
16198,34190.99
16199,11493.7
16203,47671.5
16206,4746.13
16207,4397.36
16214,48414.37
16215,9101.5525
16216,41514.45
16217,10222.39
16225,32890.1
16226,26379.4
16227,12210.93
16229,2395.4
16230,71601.18
16232,9258.1
16233,37444.6
16235,21738.24
16237,9530.5
16242,14316.29
16246,6543.79
16252,29548.59
16253,31353.13
16255,47953.3
16259,40796.72
16260,32209.26666666667
16263,45432.11
16264,29979.63
16272,12804.53
16279,5535.06
16280,48162.29
16288,18929.01
16289,24386.41
16290,13877.04
16292,40144.6
16295,21514.37
16297,11933.86
16298,19062.8
16301,22124.67
16302,11863.23
16307,48121.66
16310,27372.7
16311,20723.52
16313,17862.8
16314,22017.3
16318,26889.9
16319,9403.88
16320,10660.03
16324,21019.42
16325,8912.61
16326,37604.88
16327,17760.06666666667
16329,14589.52
16330,50471.06333333334
16334,15891.92
16339,17246.07
16342,21910.47
16343,50231.13
16344,10387.12
16345,40784.1
16347,18712.03
16348,18934.15
16350,36692.23
16351,50006.41
16353,11262.625
16354,19888.13
16356,20905.01
16358,33092.36
16361,14904.3
16362,35224.27
16368,17770.26
16370,27824.49
16371,7924.2
16372,19988.21
16373,12808.36
16376,35593.68
16380,18303.403333333332
16381,17438.2
16385,5481.67
16386,35755.88
16388,31583.02
16389,12304.26
16392,12147.61
16394,64530.12
16395,20213.74
16396,19708.49
16397,15573.56
16399,19106.52
16404,23193.43
16405,24285.57
16406,10509.98
16408,25854.76
16409,24379.62
16413,49755.15
16424,37617.12
16427,23278.84
16429,10539.6
16434,9673.45
16435,14098.31
16437,22809.5
16443,5363.48
16446,8115.53
16447,30167.32
16453,26647.21
16455,34589.17
16459,107755.83
16460,15392.75
16462,16480.6
16463,8263.89
16464,33614.07
16465,44959.56
16467,9542.81
16471,9338.99
16472,11594.92
16475,18122.44
16479,19225.42
16482,13146.17
16489,15609.34
16490,13606.87
16493,41863.02
16498,17574.16
16500,17188.08
16502,12551.74
16504,17107.94
16507,5681.8
16508,27920.51
16513,36734.35
16516,18130.99
16525,14334.82
16530,17862.8
16531,54589.77
16535,18788.22
16536,5806.4
16537,10278.09
16538,46928.98
16539,7439.55
16540,18645.69
16541,6757.01
16543,38148.28
16546,15586.77
16551,34714.71
16552,34936.67
16557,14688.69
16559,16174.92
16563,13749.94
16568,7685.77
16570,15620.7
16572,18644.76
16575,45897.11
16579,13251.85
16580,49012.1
16585,35511.62
16586,15115.06
16588,61297.0
16589,16460.98
16591,10955.82
16593,4108.12
16595,18419.77
16596,20017.96
16599,11459.74
16601,20853.85
16604,16398.45
16605,53348.32
16610,47476.78
16611,72533.96
16612,14001.05
16614,10438.34
16615,14046.51
16625,11971.84
16627,26404.42
16643,30968.02
16644,22249.16
16648,24532.57
16649,16431.86
16652,17339.0
16653,16579.89
16654,1590.44
16658,24328.15
16659,13823.42
16660,30128.09
16662,9006.91
16667,24954.03
16673,21796.39
16674,5948.52
16675,14040.5
16676,4587.22
16680,22515.09
16681,27706.28
16682,27862.12
16684,17865.37
16690,18646.6
16693,33465.8
16696,15425.5
16699,15689.4
16700,49153.65
16701,18483.11
16702,37694.35
16703,9367.74
16706,22387.45
16713,19347.21
16719,23092.579999999994
16721,46563.47
16724,2972.9
16725,33017.51
16731,20040.28
16733,33827.51
16740,7079.39
16743,21064.52
16746,22284.19
16747,51384.0
16750,38689.1
16751,10520.77
16754,26331.49
16756,22117.42
16762,5382.08
16768,17854.08
16769,13260.95
16772,25164.88
16775,19715.72
16776,14549.91
16786,13874.62
16789,53456.84
16790,11479.94
16791,19814.29
16794,16011.33
16795,41323.05
16797,15436.91
16798,14445.37
16804,14340.86
16806,35089.42
16815,14219.75
16819,17373.98
16821,59726.6
16824,30612.75
16827,20333.82
16828,10057.18
16831,17736.45
16834,24557.27
16838,15792.06
16841,13187.45
16847,27162.46
16848,24317.56
16853,14454.63
16855,8330.88
16858,11117.84
16862,49617.45
16864,27964.72
16869,16985.17
16873,53698.59
16880,19103.6
16882,19168.16
16883,20954.56
16884,15230.36
16885,17852.5
16886,14179.05
16887,64109.3
16889,9742.1
16891,31729.58
16893,8597.46
16895,10656.5375
16899,43424.13
16901,55648.31
16902,39711.51
16906,12722.81
16912,9123.4
16914,11002.86
16915,9454.18
16916,7256.8
16919,20274.73
16923,16716.97
16925,18944.34
16926,19286.43
16932,14558.79
16935,18099.29
16939,18413.51
16942,9279.03
16948,21107.09
16950,16206.12
16951,24511.14
16953,16181.75
16955,14479.35
16959,20781.93666666667
16968,19777.72
16973,22177.26
16978,18760.18
16983,25421.99
16987,21799.34
16992,13424.09
16994,14626.26
16999,8560.77
17000,61740.04
17001,20868.6
17002,12609.52
17004,15881.32
17007,30392.3
17012,20430.73
17015,9584.21
17016,9730.68
17018,9152.88
17026,16852.29
17027,27326.88
17028,9467.15
17029,22410.32
17035,11837.25
17036,9682.54
17039,9032.9
17040,21717.93
17041,15582.97
17042,22325.43
17043,11552.48
17049,15133.47
17055,31752.89983333333
17056,20491.34
17057,18663.1
17058,37863.24
17060,13607.75
17061,7845.73
17064,14881.72
17065,8157.4
17067,17551.66
17068,10437.73
17069,24645.78
17074,30345.25
17076,43270.96
17079,19105.92
17087,17470.18
17090,43631.94
17091,9012.1
17092,10715.37
17094,19048.74
17097,14300.51
17099,32087.54
17100,10146.02
17104,47062.25333333334
17105,19510.26
17109,35746.91
17111,5965.95
17116,1735.73
17118,9688.29
17123,8994.09
17125,23319.94
17128,18120.71666666667
17129,5883.31
17135,48658.25
17138,21472.48
17139,18163.79
17140,3054.05
17142,28156.49
17143,15799.91
17147,28698.02
17149,16539.81
17156,53244.0
17158,51329.54
17161,11937.06
17165,58407.86
17166,13061.9
17167,51220.6
17174,58783.31
17175,18052.5
17181,31233.71
17183,52469.2
17184,48864.57
17187,18354.73
17188,7422.72
17189,26819.45
17190,39866.23
17195,41520.84
17199,32281.67
17204,44502.21
17213,16852.11
17214,59699.61
17215,57287.17
17216,30606.51
17218,15067.58
17219,18539.28
17220,24655.31
17222,29087.73
17223,20086.82
17228,41067.72
17231,8205.66
17234,33470.05
17240,13604.24
17245,15389.27
17246,27449.0625
17251,17385.04
17252,40257.46
17253,19011.12
17255,7708.61
17256,19102.87
17257,15408.6
17264,20041.32
17265,29832.69
17266,28572.27
17267,44587.14
17269,32701.62
17271,39300.92
17272,14999.19
17273,47249.97
17274,18642.6
17276,3283.25
17279,8879.94
17280,94859.2
17284,20646.79
17288,20694.81
17290,44710.19
17292,64998.87
17293,45954.19
17295,11329.79
17297,56071.9
17301,15485.4
17302,64027.61
17303,11059.472833333335
17310,28678.0
17313,18164.39
17315,15338.81
17318,14475.77
17319,4239.29
17320,37052.2
17322,24567.65
17327,33596.2
17329,27569.43
17330,57614.93
17335,9540.49
17336,26184.71
17339,15407.93
17342,12908.48
17343,11205.26
17344,20200.73
17348,8422.98
17349,47723.84904761904
17360,63277.04
17364,17295.61
17367,9629.2
17369,9439.54
17372,10026.12
17374,28651.83
17377,10526.98
17380,43893.65
17383,30047.6
17386,14355.9
17388,8408.85
17392,17625.1
17400,35841.89
17401,11747.22
17406,25189.8
17410,26051.896666666664
17411,41366.57
17412,29925.94
17417,18609.22
17418,50552.87
17422,18624.02
17426,11355.17
17427,43048.64
17432,31890.47
17434,7448.11
17435,19776.31
17442,30063.92
17443,24689.9
17447,34102.96
17448,22493.32
17450,33251.95
17460,15834.13
17461,30028.58
17463,56689.83
17465,36747.95
17467,15423.03
17468,58296.42
17469,15599.17
17472,6622.23
17473,15190.76
17476,16868.83
17478,27657.57
17482,28803.88
17485,10176.8
17491,43184.32
17496,34109.6
17500,5988.82
17501,19238.53
17504,13562.65
17509,51282.92
17511,29048.27
17514,43839.37
17517,20142.53
17518,28156.0
17527,21548.0
17530,26563.89
17533,9362.63
17538,19084.05
17540,14832.99
17541,125793.02
17551,9146.89
17556,15076.99
17558,21065.44
17562,20286.07
17563,30490.38
17564,15082.78
17565,9425.36
17571,48174.02
17572,19809.86
17574,42273.27
17580,19316.53
17585,5954.57
17586,20451.12
17589,19432.92
17594,12758.37
17595,15434.12
17601,13538.93
17606,13216.47
17607,18017.06
17614,43403.93
17615,37252.39
17620,22707.73
17622,20527.67
17628,36943.21
17630,23408.02
17636,9942.18
17637,6934.08
17640,17975.09
17642,3492.47
17646,16917.410000000003
17647,17137.97
17648,21182.87
17652,34069.01
17653,13073.05
17654,26834.1
17655,19335.01
17658,14814.13
17661,12083.66
17663,14611.43
17666,21194.23
17667,8900.19
17668,20366.71
17674,44191.89
17677,9711.4
17679,7974.34
17680,17420.02
17683,27538.91
17684,32976.06
17687,26041.44
17691,14298.57
17694,61561.92
17695,47524.52
17700,26308.32176113104
17704,20889.85
17711,19866.85
17716,21612.9
17718,23238.53
17724,8469.57
17726,3370.7
17730,40118.79
17731,24115.57
17733,7298.63
17736,43082.62
17737,25958.17
17738,49102.36
17739,8356.09
17740,7667.0
17742,11190.94
17743,11281.48
17746,18387.74
17747,10116.35
17748,60736.91
17751,59801.09
17754,8962.13
17756,28176.54
17757,58161.29
17758,30055.98
17759,21827.06
17762,8013.33
17764,18211.81
17766,21553.6
17767,7500.63
17769,14809.31
17771,36870.55
17774,22203.48
17780,9043.51
17781,4653.32
17787,20817.496666666666
17788,15497.58
17791,12035.77
17795,18075.05
17798,21035.17
17799,26529.75
17801,14198.46
17803,15666.82
17804,8994.48
17808,17990.83
17809,72096.26
17813,61618.97
17814,5603.2
17816,22846.78
17824,19340.54
17825,43696.46
17828,21974.97
17830,42014.82
17833,26731.69
17834,33657.41
17836,20190.27
17839,8912.61
17843,15072.96
17844,14404.35
17845,9794.63
17847,20435.07
17852,22194.9
17856,35617.61
17863,27166.82
17864,24777.92333333333
17865,32065.28
17870,23302.04
17872,4149.0
17873,35339.5
17877,7941.7
17882,18921.84
17883,19260.09
17888,7370.84
17893,29369.13
17901,100940.39
17903,48811.3
17907,18573.32
17909,21834.07
17910,22477.07333333333
17913,85804.99
17915,33092.36
17916,59898.55
17919,14714.15
17921,13820.7
17923,38331.15
17925,17383.23
17929,18279.75
17931,31149.93
17934,18496.3
17937,36859.56
17938,15895.98
17943,9736.71
17950,19681.53
17953,20605.77
17955,18383.26
17960,14573.8
17966,21988.65
17967,51317.33
17968,8192.97
17969,18438.14
17970,14549.91
17972,97782.75
17977,55339.12
17978,10406.64
17980,54738.37
17984,25904.25
17986,26022.15
17992,17935.49
17993,19680.93
17995,15921.14
17998,8210.11
18000,48417.58
18004,55323.64
18009,15838.97
18010,28203.73
18014,26522.86
18016,16534.09
18019,15255.38
18029,11406.23
18031,18738.08
18034,15180.32
18037,46114.78
18040,61535.81
18045,13274.92
18046,20680.93
18049,15574.82
18050,24786.01
18056,41388.6
18058,7722.52
18060,6049.15
18064,19437.16
18065,13181.19
18066,54370.36
18067,18951.62
18070,33323.46666666667
18072,6992.87
18074,21903.9
18076,14309.28
18079,28908.08
18083,25996.52
18086,56357.07
18090,48406.2
18106,44518.75
18109,27509.53
18114,18086.76
18118,24095.46
18120,10923.11
18122,20422.52
18126,33837.19
18129,19251.89
18133,10890.431999999999
18135,7975.98
18142,35650.15
18152,19472.76
18159,60128.51
18164,15861.82
18165,27831.86
18167,31956.39
18170,25331.92
18171,24184.74
18174,48437.04
18176,37706.78
18179,34964.19
18181,19244.96
18190,31219.94
18193,39923.94
18195,48409.61
18200,17427.69
18201,44821.48
18205,8651.85
18208,62396.88
18210,18383.26
18211,37992.1
18213,26448.5415
18214,58298.17
18217,57518.36
18219,20923.27
18220,7909.34
18232,13234.94
18234,29838.7
18239,26238.51
18240,59728.91
18242,10273.25
18248,50349.38
18254,18972.32
18256,7528.9
18257,14160.73
18265,21297.41
18267,58990.85
18273,12476.946666666667
18276,23596.11
18282,14040.34
18285,4284.4
18286,10265.7
18290,9753.51
18297,11209.19
18300,15624.89
18305,25725.73
18306,18626.12
18307,29460.35
18308,10102.35
18310,8160.05
18314,2370.78
18315,18776.37
18317,12596.7
18321,98021.9
18323,10345.04
18325,37131.79
18327,4696.34
18330,13221.82
18336,34248.13777777778
18337,21265.79
18341,17849.57
18342,48627.49
18345,20485.18
18347,31748.64
18350,28706.27
18354,15485.83
18355,12122.46
18359,13465.84
18361,7237.15
18362,16102.65
18370,11473.52
18372,18880.38
18376,15130.97
18378,26900.07
18379,34548.965
18381,44418.78
18383,19378.79
18389,27145.4
18392,21866.83
18393,15445.5
18396,34553.78
18400,59106.71
18401,46413.17
18404,14397.04
18409,45523.03
18410,6766.96
18412,17458.79
18420,45575.82
18421,55098.66
18425,13040.06
18427,9879.76
18429,16279.7
18431,15288.82
18432,4547.08
18435,20149.83
18436,22819.99
18437,32908.06
18438,21334.21
18442,55240.15
18445,30212.33
18446,14569.5
18447,20954.56
18450,31383.63
18451,4884.46
18454,25908.78
18455,8933.74
18456,57391.89
18461,19436.98
18462,59886.07
18463,20969.23
18464,49530.65
18471,38312.35
18472,39325.78
18476,19737.83
18483,35177.73
18485,48335.08
18493,13557.52
18495,29838.7
18498,21329.19
18503,7972.89
18511,28797.67
18514,14348.68
18523,13799.2
18524,24095.97
18525,3721.79
18529,13010.46
18531,44502.95
18532,15374.98
18533,14687.37
18539,6583.69
18542,12803.87
18545,5192.83
18546,18292.27
18549,11283.7775
18551,10649.33
18553,20594.82
18564,9192.68
18565,23088.27
18568,5062.02
18570,27812.71
18572,23028.23
18575,14094.74
18578,31970.74
18579,8353.54
18580,15839.21
18582,18093.23
18585,19220.93
18587,18887.36
18588,30332.69
18597,11773.42
18601,16387.48
18603,50910.55
18608,9694.17
18609,33993.82
18611,31146.66
18613,18823.86
18620,9418.4
18624,14281.33
18625,27441.3025
18628,10681.18
18629,13497.14
18630,5587.85
18631,36091.39
18632,26955.56
18634,7272.99
18648,12467.96
18650,27958.915833333336
18657,127981.24
18658,62655.82
18664,21912.65
18667,14990.47
18671,13132.68
18674,28460.01
18678,11064.11
18680,9317.96
18681,16844.26
18684,9637.21
18685,45677.54
18690,17909.88
18693,17321.74
18695,17603.95
18700,36251.24
18703,33489.28
18705,19672.26
18709,42058.54
18710,4379.78
18711,11558.49
18713,31684.49
18716,18088.8
18720,22737.47
18721,23110.88
18725,15290.48
18727,23181.58
18733,16258.51
18738,26027.51
18740,10939.8
18741,11909.23
18744,31758.37
18748,54594.14
18749,19601.1
18756,8207.6
18759,15470.15
18760,19825.5
18762,34625.58
18769,8494.69
18772,27329.11
18773,55134.21
18775,11434.71
18777,23721.61
18779,6357.43
18782,15884.88
18783,20763.33
18788,9502.28
18793,32422.32
18796,31416.4
18797,30721.1
18798,14962.63
18799,45694.14
18800,52739.22
18802,15606.26
18803,20848.5
18809,11564.65
18815,43014.73
18820,33478.10666666667
18821,16449.25
18823,49272.67
18825,20284.87
18827,15804.35
18829,20827.94
18831,21368.16
18832,21810.85
18833,8126.49
18835,48140.6
18843,2306.9
18844,11351.7
18845,8685.38
18849,56720.57
18854,2267.77
18862,21686.89
18863,48937.05666666667
18864,13824.51
18865,19407.68
18870,10654.28
18873,14172.08
18876,9885.6
18878,37242.75
18882,15189.37
18884,3442.88
18897,26126.61
18899,10197.44
18900,15775.64
18904,23271.15
18906,18215.58
18907,12092.99
18912,46772.83
18915,32955.48
18916,19470.96
18917,37556.33
18918,12578.74
18920,14266.98
18923,28138.26
18925,39665.15
18926,25435.04
18927,45039.68
18928,34561.36
18930,16558.47
18931,12414.34
18934,46967.98
18936,9767.85
18938,18088.42
18941,19783.4
18942,19588.19
18950,5262.27
18951,29828.43
18952,19749.09
18953,25335.62
18955,6910.31
18965,14000.58
18968,35197.74
18969,38796.91
18970,5298.32
18972,18147.27
18975,6401.08
18985,8512.98
18989,30044.84
18993,69630.31
18996,19234.02
18998,16489.75
19003,11670.9
19007,23336.06
19009,9989.72
19010,38824.64
19011,26715.11
19018,12123.47
19019,26049.997611946892
19030,34552.11
19036,53430.07
19038,23243.77
19043,11213.54
19054,14950.04
19060,10532.18
19062,17356.41
19065,13013.91
19066,6689.95
19072,6206.28
19073,15122.01
19075,28448.31
19077,58760.51
19079,12808.15
19087,60318.61
19091,4375.77
19092,30435.91
19094,9707.59
19096,49711.6
19100,4536.68
19111,45876.12
19112,30429.7
19116,33390.59
19117,17888.37
19131,8178.7
19132,8677.64
19136,28421.83
19150,23823.61
19151,26762.28
19152,37765.54
19153,9127.5
19157,20181.04
19163,34692.02
19167,16516.19
19168,15485.83
19170,23282.14
19171,18665.28
19175,21154.5
19177,17272.42
19179,10531.1
19180,51549.57
19181,33717.6
19184,54611.23
19187,53718.5
19190,5063.31
19195,25912.89
19197,6683.2
19199,27931.85
19204,29543.568
19211,27960.46
19214,18082.75
19215,62034.4
19217,3869.35
19218,14415.67
19228,60400.67
19229,13968.83
19232,25651.57
19235,30174.07
19237,20438.29
19239,7578.5
19243,17547.95
19244,23147.18
19245,18831.66
19249,18329.14
19251,44600.39
19257,26505.16
19263,20341.02
19264,21323.33
19265,24105.6
19267,60159.57
19272,27705.04
19277,12551.19
19285,10713.8
19287,33756.77
19288,4507.44
19290,24449.66
19291,14576.92
19292,16405.5
19293,6750.35
19297,10961.1
19300,18370.51
19301,17147.59
19306,57506.75
19308,19815.7
19309,18739.24
19314,18293.673333333332
19315,8114.6
19317,11252.46
19318,17389.01
19319,92419.0
19322,26697.77
19327,19863.05
19328,18458.28
19330,10534.87
19332,26304.08
19333,22274.52
19335,47299.33333333333
19336,44710.19
19338,11137.57
19341,11799.32
19343,43434.79
19348,15667.755
19351,11172.39
19354,18696.1
19355,30655.67
19357,20082.19
19358,18695.46
19360,11118.47
19362,34088.79
19365,42346.78
19366,11732.25
19367,35595.9035
19368,12247.29
19370,16950.21
19373,10848.48
19376,14382.61
19377,18824.28
19386,51065.79
19387,9420.56
19389,36627.96
19397,19605.54
19398,22036.98
19401,16530.83
19402,26591.75
19405,13489.28
19408,7640.97
19410,15498.64
19411,18704.09
19412,11971.05
19414,35136.91
19416,40600.24
19420,20935.92
19422,5363.48
19423,130639.22
19427,60630.41
19429,11664.07
19430,27531.8
19431,21304.528333333332
19435,19611.513333333336
19440,60053.52
19441,12445.08
19444,27018.71
19446,25605.55
19450,90684.23
19453,7440.41
19455,30320.5
19456,9479.92
19460,48103.3
19466,11401.46
19471,30378.69
19472,11803.33
19475,19897.02
19486,37183.03
19487,12575.45
19490,11217.14
19491,9525.43
19493,18965.11
19497,22381.17
19499,30212.33
19500,10383.13
19501,40772.43
19503,41862.09
19505,44676.26
19506,33041.03
19509,15677.26
19510,35590.1
19512,8963.52
19515,52625.18
19519,35142.27
19521,16736.98
19522,29613.58
19533,17059.73
19536,55311.5
19537,16999.64
19539,13226.32
19549,26808.82
19551,14288.21
19553,20898.01
19555,48707.71
19557,29443.12
19558,25742.28
19559,35998.62
19560,12285.89
19562,18918.9
19563,8475.82
19568,10231.67
19572,27708.3
19579,7575.05
19582,2577.98
19584,20537.16
19586,21917.15
19589,13010.78
19595,9143.82
19597,17631.793333333335
19598,33808.61
19603,8024.29
19606,27410.154967532464
19607,57579.55
19611,38204.13
19613,20985.98
19615,27476.82
19616,17992.47
19618,38759.48
19620,19852.52
19626,21272.14
19630,22534.99
19631,3846.85
